{
  "poses": {
    "Caldera_Segment": {
      "position": {
        "x": 9.093892,
        "y": 2312.24268,
        "z": 948.1194
      },
      "lookAt": {
        "x": -26.0809479,
        "y": -1904.221,
        "z": 2602.593
      },
      "fieldOfView": 24.0
    },
    "Volcano_Segment": {
      "position": {
        "x": 10.9909172,
        "y": 836.854553,
        "z": 2060.24341
      },
      "lookAt": {
        "x": -156.909058,
        "y": 2070.51,
        "z": 1917.73108
      },
      "fieldOfView": 24.0
    }
  }
}
